--
-- PostgreSQL database dump
--

-- Dumped from database version 12.9 (Ubuntu 12.9-2.pgdg20.04+1)
-- Dumped by pg_dump version 12.9 (Ubuntu 12.9-2.pgdg20.04+1)

SET statement_timeout = 0;
SET lock_timeout = 0;
SET idle_in_transaction_session_timeout = 0;
SET client_encoding = 'UTF8';
SET standard_conforming_strings = on;
SELECT pg_catalog.set_config('search_path', '', false);
SET check_function_bodies = false;
SET xmloption = content;
SET client_min_messages = warning;
SET row_security = off;

DROP DATABASE universe;
--
-- Name: universe; Type: DATABASE; Schema: -; Owner: freecodecamp
--

CREATE DATABASE universe WITH TEMPLATE = template0 ENCODING = 'UTF8' LC_COLLATE = 'C.UTF-8' LC_CTYPE = 'C.UTF-8';


ALTER DATABASE universe OWNER TO freecodecamp;

\connect universe

SET statement_timeout = 0;
SET lock_timeout = 0;
SET idle_in_transaction_session_timeout = 0;
SET client_encoding = 'UTF8';
SET standard_conforming_strings = on;
SELECT pg_catalog.set_config('search_path', '', false);
SET check_function_bodies = false;
SET xmloption = content;
SET client_min_messages = warning;
SET row_security = off;

SET default_tablespace = '';

SET default_table_access_method = heap;

--
-- Name: galaxy; Type: TABLE; Schema: public; Owner: freecodecamp
--

CREATE TABLE public.galaxy (
    galaxy_id integer NOT NULL,
    name character varying(50) NOT NULL,
    galaxy_size integer NOT NULL,
    galaxy_weight integer,
    galaxy_age numeric
);


ALTER TABLE public.galaxy OWNER TO freecodecamp;

--
-- Name: galaxy_galaxy_id_seq; Type: SEQUENCE; Schema: public; Owner: freecodecamp
--

CREATE SEQUENCE public.galaxy_galaxy_id_seq
    AS integer
    START WITH 1
    INCREMENT BY 1
    NO MINVALUE
    NO MAXVALUE
    CACHE 1;


ALTER TABLE public.galaxy_galaxy_id_seq OWNER TO freecodecamp;

--
-- Name: galaxy_galaxy_id_seq; Type: SEQUENCE OWNED BY; Schema: public; Owner: freecodecamp
--

ALTER SEQUENCE public.galaxy_galaxy_id_seq OWNED BY public.galaxy.galaxy_id;


--
-- Name: galaxy_types; Type: TABLE; Schema: public; Owner: freecodecamp
--

CREATE TABLE public.galaxy_types (
    galaxy_types_id integer NOT NULL,
    name character varying(50) NOT NULL,
    max_size integer NOT NULL
);


ALTER TABLE public.galaxy_types OWNER TO freecodecamp;

--
-- Name: galaxy_types_galaxy_type_id_seq; Type: SEQUENCE; Schema: public; Owner: freecodecamp
--

CREATE SEQUENCE public.galaxy_types_galaxy_type_id_seq
    AS integer
    START WITH 1
    INCREMENT BY 1
    NO MINVALUE
    NO MAXVALUE
    CACHE 1;


ALTER TABLE public.galaxy_types_galaxy_type_id_seq OWNER TO freecodecamp;

--
-- Name: galaxy_types_galaxy_type_id_seq; Type: SEQUENCE OWNED BY; Schema: public; Owner: freecodecamp
--

ALTER SEQUENCE public.galaxy_types_galaxy_type_id_seq OWNED BY public.galaxy_types.galaxy_types_id;


--
-- Name: moon; Type: TABLE; Schema: public; Owner: freecodecamp
--

CREATE TABLE public.moon (
    moon_id integer NOT NULL,
    name character varying(50) NOT NULL,
    size integer NOT NULL,
    has_life boolean,
    planet_id integer
);


ALTER TABLE public.moon OWNER TO freecodecamp;

--
-- Name: moon_moon_id_seq; Type: SEQUENCE; Schema: public; Owner: freecodecamp
--

CREATE SEQUENCE public.moon_moon_id_seq
    AS integer
    START WITH 1
    INCREMENT BY 1
    NO MINVALUE
    NO MAXVALUE
    CACHE 1;


ALTER TABLE public.moon_moon_id_seq OWNER TO freecodecamp;

--
-- Name: moon_moon_id_seq; Type: SEQUENCE OWNED BY; Schema: public; Owner: freecodecamp
--

ALTER SEQUENCE public.moon_moon_id_seq OWNED BY public.moon.moon_id;


--
-- Name: planet; Type: TABLE; Schema: public; Owner: freecodecamp
--

CREATE TABLE public.planet (
    planet_id integer NOT NULL,
    name character varying(50) NOT NULL,
    size integer NOT NULL,
    has_life boolean,
    star_id integer
);


ALTER TABLE public.planet OWNER TO freecodecamp;

--
-- Name: planet_planet_id_seq; Type: SEQUENCE; Schema: public; Owner: freecodecamp
--

CREATE SEQUENCE public.planet_planet_id_seq
    AS integer
    START WITH 1
    INCREMENT BY 1
    NO MINVALUE
    NO MAXVALUE
    CACHE 1;


ALTER TABLE public.planet_planet_id_seq OWNER TO freecodecamp;

--
-- Name: planet_planet_id_seq; Type: SEQUENCE OWNED BY; Schema: public; Owner: freecodecamp
--

ALTER SEQUENCE public.planet_planet_id_seq OWNED BY public.planet.planet_id;


--
-- Name: star; Type: TABLE; Schema: public; Owner: freecodecamp
--

CREATE TABLE public.star (
    star_id integer NOT NULL,
    name character varying(50) NOT NULL,
    star_size integer NOT NULL,
    star_description text,
    galaxy_id integer
);


ALTER TABLE public.star OWNER TO freecodecamp;

--
-- Name: star_star_id_seq; Type: SEQUENCE; Schema: public; Owner: freecodecamp
--

CREATE SEQUENCE public.star_star_id_seq
    AS integer
    START WITH 1
    INCREMENT BY 1
    NO MINVALUE
    NO MAXVALUE
    CACHE 1;


ALTER TABLE public.star_star_id_seq OWNER TO freecodecamp;

--
-- Name: star_star_id_seq; Type: SEQUENCE OWNED BY; Schema: public; Owner: freecodecamp
--

ALTER SEQUENCE public.star_star_id_seq OWNED BY public.star.star_id;


--
-- Name: galaxy galaxy_id; Type: DEFAULT; Schema: public; Owner: freecodecamp
--

ALTER TABLE ONLY public.galaxy ALTER COLUMN galaxy_id SET DEFAULT nextval('public.galaxy_galaxy_id_seq'::regclass);


--
-- Name: galaxy_types galaxy_types_id; Type: DEFAULT; Schema: public; Owner: freecodecamp
--

ALTER TABLE ONLY public.galaxy_types ALTER COLUMN galaxy_types_id SET DEFAULT nextval('public.galaxy_types_galaxy_type_id_seq'::regclass);


--
-- Name: moon moon_id; Type: DEFAULT; Schema: public; Owner: freecodecamp
--

ALTER TABLE ONLY public.moon ALTER COLUMN moon_id SET DEFAULT nextval('public.moon_moon_id_seq'::regclass);


--
-- Name: planet planet_id; Type: DEFAULT; Schema: public; Owner: freecodecamp
--

ALTER TABLE ONLY public.planet ALTER COLUMN planet_id SET DEFAULT nextval('public.planet_planet_id_seq'::regclass);


--
-- Name: star star_id; Type: DEFAULT; Schema: public; Owner: freecodecamp
--

ALTER TABLE ONLY public.star ALTER COLUMN star_id SET DEFAULT nextval('public.star_star_id_seq'::regclass);


--
-- Data for Name: galaxy; Type: TABLE DATA; Schema: public; Owner: freecodecamp
--

INSERT INTO public.galaxy VALUES (1, 'AAA', 1, 1, 1);
INSERT INTO public.galaxy VALUES (2, 'BBB', 2, 2, 2);
INSERT INTO public.galaxy VALUES (3, 'CCC', 3, 3, 3);
INSERT INTO public.galaxy VALUES (4, 'DDD', 4, 4, 4);
INSERT INTO public.galaxy VALUES (5, 'EEE', 5, 5, 5);
INSERT INTO public.galaxy VALUES (6, 'FFF', 6, 6, 6);


--
-- Data for Name: galaxy_types; Type: TABLE DATA; Schema: public; Owner: freecodecamp
--

INSERT INTO public.galaxy_types VALUES (1, 'AAA', 1);
INSERT INTO public.galaxy_types VALUES (2, 'BBB', 2);
INSERT INTO public.galaxy_types VALUES (3, 'CCC', 3);
INSERT INTO public.galaxy_types VALUES (4, 'DDD', 4);
INSERT INTO public.galaxy_types VALUES (5, 'EEE', 5);


--
-- Data for Name: moon; Type: TABLE DATA; Schema: public; Owner: freecodecamp
--

INSERT INTO public.moon VALUES (21, 'AAA', 1, NULL, 1);
INSERT INTO public.moon VALUES (22, 'BBB', 2, NULL, 2);
INSERT INTO public.moon VALUES (23, 'CCC', 3, NULL, 3);
INSERT INTO public.moon VALUES (24, 'DDD', 4, NULL, 4);
INSERT INTO public.moon VALUES (25, 'EEE', 5, NULL, 5);
INSERT INTO public.moon VALUES (26, 'FFF', 6, NULL, 6);
INSERT INTO public.moon VALUES (27, 'GGG', 7, NULL, 7);
INSERT INTO public.moon VALUES (28, 'HHH', 8, NULL, 8);
INSERT INTO public.moon VALUES (29, 'III', 9, NULL, 9);
INSERT INTO public.moon VALUES (30, 'JJJ', 10, NULL, 10);
INSERT INTO public.moon VALUES (31, 'KKK', 11, NULL, 11);
INSERT INTO public.moon VALUES (32, 'LLL', 12, NULL, 12);
INSERT INTO public.moon VALUES (33, 'MMM', 13, NULL, 1);
INSERT INTO public.moon VALUES (34, 'NNN', 14, NULL, 2);
INSERT INTO public.moon VALUES (35, 'OOO', 15, NULL, 3);
INSERT INTO public.moon VALUES (36, 'PPP', 16, NULL, 4);
INSERT INTO public.moon VALUES (37, 'QQQ', 17, NULL, 5);
INSERT INTO public.moon VALUES (38, 'RRR', 18, NULL, 6);
INSERT INTO public.moon VALUES (39, 'SSS', 19, NULL, 7);
INSERT INTO public.moon VALUES (40, 'TTT', 20, NULL, 8);


--
-- Data for Name: planet; Type: TABLE DATA; Schema: public; Owner: freecodecamp
--

INSERT INTO public.planet VALUES (1, 'AAA', 1, NULL, 1);
INSERT INTO public.planet VALUES (2, 'BBB', 2, NULL, 2);
INSERT INTO public.planet VALUES (3, 'CCC', 3, NULL, 3);
INSERT INTO public.planet VALUES (4, 'DDD', 4, NULL, 4);
INSERT INTO public.planet VALUES (5, 'EEE', 5, NULL, 5);
INSERT INTO public.planet VALUES (6, 'FFF', 6, NULL, 6);
INSERT INTO public.planet VALUES (7, 'GGG', 7, NULL, 1);
INSERT INTO public.planet VALUES (8, 'HHH', 8, NULL, 2);
INSERT INTO public.planet VALUES (9, 'III', 9, NULL, 3);
INSERT INTO public.planet VALUES (10, 'JJJ', 10, NULL, 4);
INSERT INTO public.planet VALUES (11, 'KKK', 11, NULL, 5);
INSERT INTO public.planet VALUES (12, 'LLL', 12, NULL, 6);


--
-- Data for Name: star; Type: TABLE DATA; Schema: public; Owner: freecodecamp
--

INSERT INTO public.star VALUES (1, 'AAA', 1, NULL, 1);
INSERT INTO public.star VALUES (2, 'BBB', 2, NULL, 2);
INSERT INTO public.star VALUES (3, 'CCC', 3, NULL, 3);
INSERT INTO public.star VALUES (4, 'DDD', 4, NULL, 4);
INSERT INTO public.star VALUES (5, 'EEE', 5, NULL, 5);
INSERT INTO public.star VALUES (6, 'FFF', 6, NULL, 6);


--
-- Name: galaxy_galaxy_id_seq; Type: SEQUENCE SET; Schema: public; Owner: freecodecamp
--

SELECT pg_catalog.setval('public.galaxy_galaxy_id_seq', 6, true);


--
-- Name: galaxy_types_galaxy_type_id_seq; Type: SEQUENCE SET; Schema: public; Owner: freecodecamp
--

SELECT pg_catalog.setval('public.galaxy_types_galaxy_type_id_seq', 5, true);


--
-- Name: moon_moon_id_seq; Type: SEQUENCE SET; Schema: public; Owner: freecodecamp
--

SELECT pg_catalog.setval('public.moon_moon_id_seq', 40, true);


--
-- Name: planet_planet_id_seq; Type: SEQUENCE SET; Schema: public; Owner: freecodecamp
--

SELECT pg_catalog.setval('public.planet_planet_id_seq', 12, true);


--
-- Name: star_star_id_seq; Type: SEQUENCE SET; Schema: public; Owner: freecodecamp
--

SELECT pg_catalog.setval('public.star_star_id_seq', 6, true);


--
-- Name: galaxy galaxy_name_key; Type: CONSTRAINT; Schema: public; Owner: freecodecamp
--

ALTER TABLE ONLY public.galaxy
    ADD CONSTRAINT galaxy_name_key UNIQUE (name);


--
-- Name: galaxy galaxy_pkey; Type: CONSTRAINT; Schema: public; Owner: freecodecamp
--

ALTER TABLE ONLY public.galaxy
    ADD CONSTRAINT galaxy_pkey PRIMARY KEY (galaxy_id);


--
-- Name: galaxy_types galaxy_types_name_key; Type: CONSTRAINT; Schema: public; Owner: freecodecamp
--

ALTER TABLE ONLY public.galaxy_types
    ADD CONSTRAINT galaxy_types_name_key UNIQUE (name);


--
-- Name: galaxy_types galaxy_types_pkey; Type: CONSTRAINT; Schema: public; Owner: freecodecamp
--

ALTER TABLE ONLY public.galaxy_types
    ADD CONSTRAINT galaxy_types_pkey PRIMARY KEY (galaxy_types_id);


--
-- Name: moon moon_name_key; Type: CONSTRAINT; Schema: public; Owner: freecodecamp
--

ALTER TABLE ONLY public.moon
    ADD CONSTRAINT moon_name_key UNIQUE (name);


--
-- Name: moon moon_pkey; Type: CONSTRAINT; Schema: public; Owner: freecodecamp
--

ALTER TABLE ONLY public.moon
    ADD CONSTRAINT moon_pkey PRIMARY KEY (moon_id);


--
-- Name: planet planet_name_key; Type: CONSTRAINT; Schema: public; Owner: freecodecamp
--

ALTER TABLE ONLY public.planet
    ADD CONSTRAINT planet_name_key UNIQUE (name);


--
-- Name: planet planet_pkey; Type: CONSTRAINT; Schema: public; Owner: freecodecamp
--

ALTER TABLE ONLY public.planet
    ADD CONSTRAINT planet_pkey PRIMARY KEY (planet_id);


--
-- Name: star star_name_key; Type: CONSTRAINT; Schema: public; Owner: freecodecamp
--

ALTER TABLE ONLY public.star
    ADD CONSTRAINT star_name_key UNIQUE (name);


--
-- Name: star star_pkey; Type: CONSTRAINT; Schema: public; Owner: freecodecamp
--

ALTER TABLE ONLY public.star
    ADD CONSTRAINT star_pkey PRIMARY KEY (star_id);


--
-- Name: moon moon_planet_id_fkey; Type: FK CONSTRAINT; Schema: public; Owner: freecodecamp
--

ALTER TABLE ONLY public.moon
    ADD CONSTRAINT moon_planet_id_fkey FOREIGN KEY (planet_id) REFERENCES public.planet(planet_id);


--
-- Name: planet planet_star_id_fkey; Type: FK CONSTRAINT; Schema: public; Owner: freecodecamp
--

ALTER TABLE ONLY public.planet
    ADD CONSTRAINT planet_star_id_fkey FOREIGN KEY (star_id) REFERENCES public.star(star_id);


--
-- Name: star star_galaxy_id_fkey; Type: FK CONSTRAINT; Schema: public; Owner: freecodecamp
--

ALTER TABLE ONLY public.star
    ADD CONSTRAINT star_galaxy_id_fkey FOREIGN KEY (galaxy_id) REFERENCES public.galaxy(galaxy_id);


--
-- PostgreSQL database dump complete
--
